LAB_ar,LAB_tr,LAB1,LAB2,LAB3,LAB4,LAB5,C1,C2,C3,C4,C5,P1,P2,P3,P4,P5,M1,M2,M3,M4,M5
أسبرج,ʾSBRǦ,ʾ,S,B,R,Ǧ,1,12,2,10,5,9,4,1,4,5,1,3,1,8,1
أسمعل,ʾSMʿL,ʾ,S,M,ʿ,L,1,12,24,18,23,9,4,1,8,4,1,3,5,3,6
أصطبل,ʾṢṬBL,ʾ,Ṣ,Ṭ,B,L,1,14,16,2,23,9,4,4,1,4,1,4,2,1,6
أصطفل,ʾṢṬFL,ʾ,Ṣ,Ṭ,F,L,1,14,16,20,23,9,4,4,2,4,1,4,2,3,6
ألعنز,ʾLʿNZ,ʾ,L,ʿ,N,Z,1,23,18,25,11,9,4,8,4,4,1,6,3,5,3
أندرم,ʾNDRM,ʾ,N,D,R,M,1,25,8,10,24,9,4,4,4,1,1,5,1,8,5
أنقلس,ʾNQLS,ʾ,N,Q,L,S,1,25,21,23,12,9,4,7,4,4,1,5,1,6,3
أنكلس,ʾNKLS,ʾ,N,K,L,S,1,25,22,23,12,9,4,6,4,4,1,5,1,6,3
أذربج,ʾḎRBǦ,ʾ,Ḏ,R,B,Ǧ,1,9,10,2,5,9,3,4,1,5,1,3,8,1,1
أصفعد,ʾṢFʿD,ʾ,Ṣ,F,ʿ,D,1,14,20,18,8,9,4,2,8,4,1,4,3,3,1
أطربن,ʾṬRBN,ʾ,Ṭ,R,B,N,1,16,10,2,25,9,4,4,1,4,1,2,8,1,5
برقعد,BRQʿD,B,R,Q,ʿ,D,2,10,21,18,8,1,4,7,8,4,1,8,1,3,1
برهمن,BRHMN,B,R,H,M,N,2,10,26,24,25,1,4,9,1,4,1,8,3,5,5
بعلبك,BʿLBK,B,ʿ,L,B,K,2,18,23,2,22,1,8,4,1,6,1,3,6,1,1
بلعبس,BLʿBS,B,L,ʿ,B,S,2,23,18,2,12,1,4,8,1,4,1,6,3,1,3
بهرمج,BHRMǦ,B,H,R,M,Ǧ,2,26,10,24,5,1,9,4,1,5,1,3,8,5,1
تختنس,TḪTNS,T,Ḫ,T,N,S,3,7,3,25,12,4,7,4,4,4,1,3,1,5,3
جبنثق,ǦBNṮQ,Ǧ,B,N,Ṯ,Q,5,2,25,4,21,5,1,4,3,7,1,1,5,3,1
جحمرش,ǦḤMRŠ,Ǧ,Ḥ,M,R,Š,5,6,24,10,13,5,8,1,4,5,1,3,5,8,3
جحنبر,ǦḤNBR,Ǧ,Ḥ,N,B,R,5,6,25,2,10,5,8,4,1,4,1,3,5,1,8
جردحل,ǦRDḤL,Ǧ,R,D,Ḥ,L,5,10,8,6,23,5,4,4,8,4,1,8,1,3,6
جرندق,ǦRNDQ,Ǧ,R,N,D,Q,5,10,25,8,21,5,4,4,4,7,1,8,5,1,1
جرنفش,ǦRNFŠ,Ǧ,R,N,F,Š,5,10,25,20,13,5,4,4,2,5,1,8,5,3,3
جعفلق,ǦʿFLQ,Ǧ,ʿ,F,L,Q,5,18,20,23,21,5,8,2,4,7,1,3,3,6,1
جعفلن,ǦʿFLN,Ǧ,ʿ,F,L,N,5,18,20,23,25,5,8,2,4,4,1,3,3,6,5
جعنظر,ǦʿNẒR,Ǧ,ʿ,N,Ẓ,R,5,18,25,17,10,5,8,4,3,4,1,3,5,4,8
جنحدل,ǦNḤDL,Ǧ,N,Ḥ,D,L,5,25,6,8,23,5,4,8,4,4,1,5,3,1,6
جنفلق,ǦNFLQ,Ǧ,N,F,L,Q,5,25,20,23,21,5,4,2,4,7,1,5,3,6,1
حبرقس,ḤBRQS,Ḥ,B,R,Q,S,6,2,10,21,12,8,1,4,7,4,3,1,8,1,3
حبرقص,ḤBRQṢ,Ḥ,B,R,Q,Ṣ,6,2,10,21,14,8,1,4,7,4,3,1,8,1,4
حبركل,ḤBRKL,Ḥ,B,R,K,L,6,2,10,22,23,8,1,4,6,4,3,1,8,1,6
حبقنق,ḤBQNQ,Ḥ,B,Q,N,Q,6,2,21,25,21,8,1,7,4,7,3,1,1,5,1
حبلبس,ḤBLBS,Ḥ,B,L,B,S,6,2,23,2,12,8,1,4,1,4,3,1,6,1,3
حبنبر,ḤBNBR,Ḥ,B,N,B,R,6,2,25,2,10,8,1,4,1,4,3,1,5,1,8
حذرفت,ḤḎRFT,Ḥ,Ḏ,R,F,T,6,9,10,20,3,8,3,4,2,4,3,3,8,3,1
حرنقف,ḤRNQF,Ḥ,R,N,Q,F,6,10,25,21,20,8,4,4,7,2,3,8,5,1,3
حفرضض,ḤFRḌḌ,Ḥ,F,R,Ḍ,Ḍ,6,20,10,15,15,8,2,4,4,4,3,3,8,7,7
حنبتر,ḤNBTR,Ḥ,N,B,T,R,6,25,2,3,10,8,4,1,4,4,3,5,1,1,8
حنبرت,ḤNBRT,Ḥ,N,B,R,T,6,25,2,10,3,8,4,1,4,4,3,5,1,8,1
حندلس,ḤNDLS,Ḥ,N,D,L,S,6,25,8,23,12,8,4,4,4,4,3,5,1,6,3
حنزقر,ḤNZQR,Ḥ,N,Z,Q,R,6,25,11,21,10,8,4,4,7,4,3,5,3,1,8
خبرجل,ḪBRǦL,Ḫ,B,R,Ǧ,L,7,2,10,5,23,7,1,4,5,4,3,1,8,1,6
خبرنج,ḪBRNǦ,Ḫ,B,R,N,Ǧ,7,2,10,25,5,7,1,4,4,5,3,1,8,5,1
خبعثن,ḪBʿṮN,Ḫ,B,ʿ,Ṯ,N,7,2,18,4,25,7,1,8,3,4,3,1,3,3,5
خدرنق,ḪDRNQ,Ḫ,D,R,N,Q,7,8,10,25,21,7,4,4,4,7,3,1,8,5,1
خذرنق,ḪḎRNQ,Ḫ,Ḏ,R,N,Q,7,9,10,25,21,7,3,4,4,7,3,3,8,5,1
خزبزر,ḪZBZR,Ḫ,Z,B,Z,R,7,11,2,11,10,7,4,1,4,4,3,3,1,3,8
خزرنق,ḪZRNQ,Ḫ,Z,R,N,Q,7,11,10,25,21,7,4,4,4,7,3,3,8,5,1
خزعبل,ḪZʿBL,Ḫ,Z,ʿ,B,L,7,11,18,2,23,7,4,8,1,4,3,3,3,1,6
خزنبل,ḪZNBL,Ḫ,Z,N,B,L,7,11,25,2,23,7,4,4,1,4,3,3,5,1,6
خفرضض,ḪFRḌḌ,Ḫ,F,R,Ḍ,Ḍ,7,20,10,15,15,7,2,4,4,4,3,3,8,7,7
خنبلس,ḪNBLS,Ḫ,N,B,L,S,7,25,2,23,12,7,4,1,4,4,3,5,1,6,3
خندرس,ḪNDRS,Ḫ,N,D,R,S,7,25,8,10,12,7,4,4,4,4,3,5,1,8,3
خندلس,ḪNDLS,Ḫ,N,D,L,S,7,25,8,23,12,7,4,4,4,4,3,5,1,6,3
خنشفر,ḪNŠFR,Ḫ,N,Š,F,R,7,25,13,20,10,7,4,5,2,4,3,5,3,3,8
دختنس,DḪTNS,D,Ḫ,T,N,S,8,7,3,25,12,4,7,4,4,4,1,3,1,5,3
دخدنس,DḪDNS,D,Ḫ,D,N,S,8,7,8,25,12,4,7,4,4,4,1,3,1,5,3
درحمن,DRḤMN,D,R,Ḥ,M,N,8,10,6,24,25,4,4,8,1,4,1,8,3,5,5
درخبل,DRḪBL,D,R,Ḫ,B,L,8,10,7,2,23,4,4,7,1,4,1,8,3,1,6
درخبن,DRḪBN,D,R,Ḫ,B,N,8,10,7,2,25,4,4,7,1,4,1,8,3,1,5
درخمل,DRḪML,D,R,Ḫ,M,L,8,10,7,24,23,4,4,7,1,4,1,8,3,5,6
درخمن,DRḪMN,D,R,Ḫ,M,N,8,10,7,24,25,4,4,7,1,4,1,8,3,5,5
دردبس,DRDBS,D,R,D,B,S,8,10,8,2,12,4,4,4,1,4,1,8,1,1,3
دردقس,DRDQS,D,R,D,Q,S,8,10,8,21,12,4,4,4,7,4,1,8,1,1,3
دلعثم,DLʿṮM,D,L,ʿ,Ṯ,M,8,23,18,4,24,4,4,8,3,1,1,6,3,3,5
دلعمظ,DLʿMẒ,D,L,ʿ,M,Ẓ,8,23,18,24,17,4,4,8,1,3,1,6,3,5,4
دلهمس,DLHMS,D,L,H,M,S,8,23,26,24,12,4,4,9,1,4,1,6,3,5,3
زبرجد,ZBRǦD,Z,B,R,Ǧ,D,11,2,10,5,8,4,1,4,5,4,3,1,8,1,1
زبردج,ZBRDǦ,Z,B,R,D,Ǧ,11,2,10,8,5,4,1,4,4,5,3,1,8,1,1
زبنتر,ZBNTR,Z,B,N,T,R,11,2,25,3,10,4,1,4,4,4,3,1,5,1,8
زحنقف,ZḤNQF,Z,Ḥ,N,Q,F,11,6,25,21,20,4,8,4,7,2,3,3,5,1,3
زلنبر,ZLNBR,Z,L,N,B,R,11,23,25,2,10,4,4,4,1,4,3,6,5,1,8
زلنبع,ZLNBʿ,Z,L,N,B,ʿ,11,23,25,2,18,4,4,4,1,8,3,6,5,1,3
زلنقح,ZLNQḤ,Z,L,N,Q,Ḥ,11,23,25,21,6,4,4,4,7,8,3,6,5,1,3
زمعلق,ZMʿLQ,Z,M,ʿ,L,Q,11,24,18,23,21,4,1,8,4,7,3,5,3,6,1
زنفلج,ZNFLǦ,Z,N,F,L,Ǧ,11,25,20,23,5,4,4,2,4,5,3,5,3,6,1
سرندب,SRNDB,S,R,N,D,B,12,10,25,8,2,4,4,4,4,1,3,8,5,1,1
سعسلق,SʿSLQ,S,ʿ,S,L,Q,12,18,12,23,21,4,8,4,4,7,3,3,3,6,1
سفرجل,SFRǦL,S,F,R,Ǧ,L,12,20,10,5,23,4,2,4,5,4,3,3,8,1,6
سقرقع,SQRQʿ,S,Q,R,Q,ʿ,12,21,10,21,18,4,7,4,7,8,3,1,8,1,3
سقعطر,SQʿṬR,S,Q,ʿ,Ṭ,R,12,21,18,16,10,4,7,8,4,4,3,1,3,2,8
سقلطن,SQLṬN,S,Q,L,Ṭ,N,12,21,23,16,25,4,7,4,4,4,3,1,6,2,5
سكندر,SKNDR,S,K,N,D,R,12,22,25,8,10,4,6,4,4,4,3,1,5,1,8
سلنطع,SLNṬʿ,S,L,N,Ṭ,ʿ,12,23,25,16,18,4,4,4,4,8,3,6,5,2,3
سمرطل,SMRṬL,S,M,R,Ṭ,L,12,24,10,16,23,4,1,4,4,4,3,5,8,2,6
سمرمل,SMRML,S,M,R,M,L,12,24,10,24,23,4,1,4,1,4,3,5,8,5,6
سمندل,SMNDL,S,M,N,D,L,12,24,25,8,23,4,1,4,4,4,3,5,5,1,6
سمهدر,SMHDR,S,M,H,D,R,12,24,26,8,10,4,1,9,4,4,3,5,3,1,8
سنقطر,SNQṬR,S,N,Q,Ṭ,R,12,25,21,16,10,4,4,7,4,4,3,5,1,2,8
سهنسه,SHNSH,S,H,N,S,H,12,26,25,12,26,4,9,4,4,9,3,3,5,3,3
شرقرق,ŠRQRQ,Š,R,Q,R,Q,13,10,21,10,21,5,4,7,4,7,3,8,1,8,1
شطرنج,ŠṬRNǦ,Š,Ṭ,R,N,Ǧ,13,16,10,25,5,5,4,4,4,5,3,2,8,5,1
شفشلق,ŠFŠLQ,Š,F,Š,L,Q,13,20,13,23,21,5,2,5,4,7,3,3,3,6,1
شقحطب,ŠQḤṬB,Š,Q,Ḥ,Ṭ,B,13,21,6,16,2,5,7,8,4,1,3,1,3,2,1
شمختر,ŠMḪTR,Š,M,Ḫ,T,R,13,24,7,3,10,5,1,7,4,4,3,5,3,1,8
شمردل,ŠMRDL,Š,M,R,D,L,13,24,10,8,23,5,1,4,4,4,3,5,8,1,6
شمشلق,ŠMŠLQ,Š,M,Š,L,Q,13,24,13,23,21,5,1,5,4,7,3,5,3,6,1
شنفلق,ŠNFLQ,Š,N,F,L,Q,13,25,20,23,21,5,4,2,4,7,3,5,3,6,1
شنهبر,ŠNHBR,Š,N,H,B,R,13,25,26,2,10,5,4,9,1,4,3,5,3,1,8
صلخدم,ṢLḪDM,Ṣ,L,Ḫ,D,M,14,23,7,8,24,4,4,7,4,1,4,6,3,1,5
صلنبح,ṢLNBḤ,Ṣ,L,N,B,Ḥ,14,23,25,2,6,4,4,4,1,8,4,6,5,1,3
صملكع,ṢMLKʿ,Ṣ,M,L,K,ʿ,14,24,23,22,18,4,1,4,6,8,4,5,6,1,3
صنعبر,ṢNʿBR,Ṣ,N,ʿ,B,R,14,25,18,2,10,4,4,8,1,4,4,5,3,1,8
صهصلق,ṢHṢLQ,Ṣ,H,Ṣ,L,Q,14,26,14,23,21,4,9,4,4,7,4,3,4,6,1
ضبغطر,ḌBĠṬR,Ḍ,B,Ġ,Ṭ,R,15,2,19,16,10,4,1,7,4,4,7,1,3,2,8
طبرزذ,ṬBRZḎ,Ṭ,B,R,Z,Ḏ,16,2,10,11,9,4,1,4,4,3,2,1,8,3,3
طبرزل,ṬBRZL,Ṭ,B,R,Z,L,16,2,10,11,23,4,1,4,4,4,2,1,8,3,6
طبرزن,ṬBRZN,Ṭ,B,R,Z,N,16,2,10,11,25,4,1,4,4,4,2,1,8,3,5
طرجهل,ṬRǦHL,Ṭ,R,Ǧ,H,L,16,10,5,26,23,4,4,5,9,4,2,8,1,3,6
طفنشأ,ṬFNŠʾ,Ṭ,F,N,Š,ʾ,16,20,25,13,1,4,2,4,5,9,2,3,5,3,1
طفنشل,ṬFNŠL,Ṭ,F,N,Š,L,16,20,25,13,23,4,2,4,5,4,2,3,5,3,6
عذمهر,ʿḎMHR,ʿ,Ḏ,M,H,R,18,9,24,26,10,8,3,1,9,4,3,3,5,3,8
عصنصر,ʿṢNṢR,ʿ,Ṣ,N,Ṣ,R,18,14,25,14,10,8,4,4,4,4,3,4,5,4,8
عضرفط,ʿḌRFṬ,ʿ,Ḍ,R,F,Ṭ,18,15,10,20,16,8,4,4,2,4,3,7,8,3,2
عفرجع,ʿFRǦʿ,ʿ,F,R,Ǧ,ʿ,18,20,10,5,18,8,2,4,5,8,3,3,8,1,3
عفنجش,ʿFNǦŠ,ʿ,F,N,Ǧ,Š,18,20,25,5,13,8,2,4,5,5,3,3,5,1,3
عفنقص,ʿFNQṢ,ʿ,F,N,Q,Ṣ,18,20,25,21,14,8,2,4,7,4,3,3,5,1,4
عقرطل,ʿQRṬL,ʿ,Q,R,Ṭ,L,18,21,10,16,23,8,7,4,4,4,3,1,8,2,6
عكنكع,ʿKNKʿ,ʿ,K,N,K,ʿ,18,22,25,22,18,8,6,4,6,8,3,1,5,1,3
علطبس,ʿLṬBS,ʿ,L,Ṭ,B,S,18,23,16,2,12,8,4,4,1,4,3,6,2,1,3
علطمس,ʿLṬMS,ʿ,L,Ṭ,M,S,18,23,16,24,12,8,4,4,1,4,3,6,2,5,3
علندس,ʿLNDS,ʿ,L,N,D,S,18,23,25,8,12,8,4,4,4,4,3,6,5,1,3
علنكد,ʿLNKD,ʿ,L,N,K,D,18,23,25,22,8,8,4,4,6,4,3,6,5,1,1
عنجرد,ʿNǦRD,ʿ,N,Ǧ,R,D,18,25,5,10,8,8,4,5,4,4,3,5,1,8,1
عندلب,ʿNDLB,ʿ,N,D,L,B,18,25,8,23,2,8,4,4,4,1,3,5,1,6,1
غرزحل,ĠRZḤL,Ġ,R,Z,Ḥ,L,19,10,11,6,23,7,4,4,8,4,3,8,3,3,6
فرزدق,FRZDQ,F,R,Z,D,Q,20,10,11,8,21,2,4,4,4,7,3,8,3,1,1
فلسطن,FLSṬN,F,L,S,Ṭ,N,20,23,12,16,25,2,4,4,4,4,3,6,3,2,5
فنجلس,FNǦLS,F,N,Ǧ,L,S,20,25,5,23,12,2,4,5,4,4,3,5,1,6,3
فنطلس,FNṬLS,F,N,Ṭ,L,S,20,25,16,23,12,2,4,4,4,4,3,5,2,6,3
قبعثر,QBʿṮR,Q,B,ʿ,Ṯ,R,21,2,18,4,10,7,1,8,3,4,1,1,3,3,8
قذعمل,QḎʿML,Q,Ḏ,ʿ,M,L,21,9,18,24,23,7,3,8,1,4,1,3,3,5,6
قردحم,QRDḤM,Q,R,D,Ḥ,M,21,10,8,6,24,7,4,4,8,1,1,8,1,3,5
قرزحل,QRZḤL,Q,R,Z,Ḥ,L,21,10,11,6,23,7,4,4,8,4,1,8,3,3,6
قرصطن,QRṢṬN,Q,R,Ṣ,Ṭ,N,21,10,14,16,25,7,4,4,4,4,1,8,4,2,5
قرطبس,QRṬBS,Q,R,Ṭ,B,S,21,10,16,2,12,7,4,4,1,4,1,8,2,1,3
قرطعب,QRṬʿB,Q,R,Ṭ,ʿ,B,21,10,16,18,2,7,4,4,8,1,1,8,2,3,1
قرطعن,QRṬʿN,Q,R,Ṭ,ʿ,N,21,10,16,18,25,7,4,4,8,4,1,8,2,3,5
قرعبل,QRʿBL,Q,R,ʿ,B,L,21,10,18,2,23,7,4,8,1,4,1,8,3,1,6
قرنفل,QRNFL,Q,R,N,F,L,21,10,25,20,23,7,4,4,2,4,1,8,5,3,6
قسطبل,QSṬBL,Q,S,Ṭ,B,L,21,12,16,2,23,7,4,4,1,4,1,3,2,1,6
قسطبن,QSṬBN,Q,S,Ṭ,B,N,21,12,16,2,25,7,4,4,1,4,1,3,2,1,5
قسطنس,QSṬNS,Q,S,Ṭ,N,S,21,12,16,25,12,7,4,4,4,4,1,3,2,5,3
قسنطس,QSNṬS,Q,S,N,Ṭ,S,21,12,25,16,12,7,4,4,4,4,1,3,5,2,3
قصنصع,QṢNṢʿ,Q,Ṣ,N,Ṣ,ʿ,21,14,25,14,18,7,4,4,4,8,1,4,5,4,3
قطربس,QṬRBS,Q,Ṭ,R,B,S,21,16,10,2,12,7,4,4,1,4,1,2,8,1,3
قطربل,QṬRBL,Q,Ṭ,R,B,L,21,16,10,2,23,7,4,4,1,4,1,2,8,1,6
قفندر,QFNDR,Q,F,N,D,R,21,20,25,8,10,7,2,4,4,4,1,3,5,1,8
قلحذم,QLḤḎM,Q,L,Ḥ,Ḏ,M,21,23,6,9,24,7,4,8,3,1,1,6,3,3,5
قلنبس,QLNBS,Q,L,N,B,S,21,23,25,2,12,7,4,4,1,4,1,6,5,1,3
قلهبس,QLHBS,Q,L,H,B,S,21,23,26,2,12,7,4,9,1,4,1,6,3,1,3
قلهذم,QLHḎM,Q,L,H,Ḏ,M,21,23,26,9,24,7,4,9,3,1,1,6,3,3,5
قلهزم,QLHZM,Q,L,H,Z,M,21,23,26,11,24,7,4,9,4,1,1,6,3,3,5
قلهمس,QLHMS,Q,L,H,M,S,21,23,26,24,12,7,4,9,1,4,1,6,3,5,3
قندعل,QNDʿL,Q,N,D,ʿ,L,21,25,8,18,23,7,4,4,8,4,1,5,1,3,6
قندفر,QNDFR,Q,N,D,F,R,21,25,8,20,10,7,4,4,2,4,1,5,1,3,8
قندفل,QNDFL,Q,N,D,F,L,21,25,8,20,23,7,4,4,2,4,1,5,1,3,6
قنذعل,QNḎʿL,Q,N,Ḏ,ʿ,L,21,25,9,18,23,7,4,3,8,4,1,5,3,3,6
قنصعر,QNṢʿR,Q,N,Ṣ,ʿ,R,21,25,14,18,10,7,4,4,8,4,1,5,4,3,8
قنطرس,QNṬRS,Q,N,Ṭ,R,S,21,25,16,10,12,7,4,4,4,4,1,5,2,8,3
قنطعث,QNṬʿṮ,Q,N,Ṭ,ʿ,Ṯ,21,25,16,18,4,7,4,4,8,3,1,5,2,3,3
قنفرش,QNFRŠ,Q,N,F,R,Š,21,25,20,10,13,7,4,2,4,5,1,5,3,8,3
قهبلس,QHBLS,Q,H,B,L,S,21,26,2,23,12,7,9,1,4,4,1,3,1,6,3
كبرتل,KBRTL,K,B,R,T,L,22,2,10,3,23,6,1,4,4,4,1,1,8,1,6
كركدن,KRKDN,K,R,K,D,N,22,10,22,8,25,6,4,6,4,4,1,8,1,1,5
كشملخ,KŠMLḪ,K,Š,M,L,Ḫ,22,13,24,23,7,6,5,1,4,7,1,3,5,6,3
كعنكع,KʿNKʿ,K,ʿ,N,K,ʿ,22,18,25,22,18,6,8,4,6,8,1,3,5,1,3
كنفرش,KNFRŠ,K,N,F,R,Š,22,25,20,10,13,6,4,2,4,5,1,5,3,8,3
كنهدل,KNHDL,K,N,H,D,L,22,25,26,8,23,6,4,9,4,4,1,5,3,1,6
مردقش,MRDQŠ,M,R,D,Q,Š,24,10,8,21,13,1,4,4,7,5,5,8,1,1,3
مرزجش,MRZǦŠ,M,R,Z,Ǧ,Š,24,10,11,5,13,1,4,4,5,5,5,8,3,1,3
نأرجل,NʾRǦL,N,ʾ,R,Ǧ,L,25,1,10,5,23,4,9,4,5,4,5,1,8,1,6
نبهرج,NBHRǦ,N,B,H,R,Ǧ,25,2,26,10,5,4,1,9,4,5,5,1,3,8,1
هبركع,HBRKʿ,H,B,R,K,ʿ,26,2,10,22,18,9,1,4,6,8,3,1,8,1,3
هبركل,HBRKL,H,B,R,K,L,26,2,10,22,23,9,1,4,6,4,3,1,8,1,6
هرنقص,HRNQṢ,H,R,N,Q,Ṣ,26,10,25,21,14,9,4,4,7,4,3,8,5,1,4
همرجل,HMRǦL,H,M,R,Ǧ,L,26,24,10,5,23,9,1,4,5,4,3,5,8,1,6
هنجبس,HNǦBS,H,N,Ǧ,B,S,26,25,5,2,12,9,4,5,1,4,3,5,1,1,3
هندلص,HNDLṢ,H,N,D,L,Ṣ,26,25,8,23,14,9,4,4,4,4,3,5,1,6,4
هنزمر,HNZMR,H,N,Z,M,R,26,25,11,24,10,9,4,4,1,4,3,5,3,5,8
هنزمن,HNZMN,H,N,Z,M,N,26,25,11,24,25,9,4,4,1,4,3,5,3,5,5
ورنتل,WRNTL,W,R,N,T,L,27,10,25,3,23,6,4,4,4,4,9,8,5,1,6
يستعر,YSTʿR,Y,S,T,ʿ,R,28,12,3,18,10,5,4,4,8,4,9,3,1,3,8
